index,content,caption
1,Did you know the IStructE exam is held twice a year?,Learn more about the IStructE exam schedule and how to register. #IStructE #exam #civilengineering #structuralengineering
3,"The important thing is not to stop questioning. Curiosity has its own reason for existing." - Albert Einstein,Fuel your engineering passion with structuralpapers.com! #motivation #engineering #education #structuralpapers #IStructE
4,Practice past papers with structuralpapers.com!,Master exam techniques and boost your confidence with practice papers offered by structuralpapers.com. #examtips #practice #success #structuralpapers #IStructE
7,"IStructE was founded in 1871.",Learn more about the history and mission of the Institution of Structural Engineers with structuralpapers.com. #IStructE #history #engineering #structuralpapers #civilengineering
8,What's your biggest challenge when studying for the IStructE exam?,Join the community and share your experiences on structuralpapers.com. #askusanything #community #engagement #structuralpapers #IStructE
11,Learn from others' experiences. Comment on solved papers on structuralpapers.com!,Contribute to the learning community by sharing your insights on solved exam papers. #collaboration #learning #community #structuralpapers #IStructE
12,Feeling stuck on an IStructE past paper? Ask questions on structuralpapers.com!,Get expert advice and support from the structuralpapers.com community. #askusanything #support #community #structuralpapers #IStructE
13,Did you know structuralpapers.com allows you to rate solved IStructE exam papers?,Rate papers to understand the quality of answers and learn from others. #ratings #feedback #quality #structuralpapers #IStructE
14,Structuralpapers.com: Your one-stop shop for IStructE exam preparation!,Discover everything you need to succeed on the IStructE exam on structuralpapers.com. #one-stop-shop #IStructE #preparation #structuralpapers #civilengineering
16,Structuralpapers.com: Free to join, invaluable for success! Unlock your full potential with the free resources available on structuralpapers.com. #free #resources #success #structuralpapers #IStructE
17,Struggling with a specific IStructE exam concept? Search structuralpapers.com!,Find relevant solved papers that address your  specific needs. #search #relevant #concepts #structuralpapers #IStructE
20,Structuralpapers.com: More than just solved exam papers!,Our platform provides a comprehensive learning environment through comments in the community and rating the papers. #comprehensive #learning #engineering #structuralpapers #IStructE
21,"Knowledge rests not upon truth alone but upon error also." - Carl Jung,Learn from past mistakes with solved exam papers provided by structuralpapers.com. #mistakes #learning #growth #structuralpapers #IStructE
23,Structuralpapers.com: Your go-to platform for IStructE exam preparation!,Join the structuralpapers.com community and embark on your journey to success. #go-to-platform #IStructE #preparation #structuralpapers #civilengineering
24,Did you know structuralpapers.com offers a user-friendly interface?,Navigate our platform seamlessly and find what you need effortlessly. #user-friendly #interface #easy-to-use #structuralpapers #IStructE
26,Structuralpapers.com: Your community for aspiring structural engineers!,Connect with like-minded individuals and share your experiences on structuralpapers.com. #community #engineers #network #structuralpapers #IStructE
27,Join the structuralpapers.com community and never feel alone in your studies!,Find support encouragement and guidance from fellow students. #support #encouragement #guidance #structuralpapers #IStructE
28,Structuralpapers.com: Your free access to IStructE exam resources!,Take advantage of our free resources and boost your exam preparation. #free #resources #IStructE #exam #structuralpapers #civilengineering
29,Discover the latest IStructE exam trends on structuralpapers.com!,Stay informed about exam changes and focus your studies effectively. #trends #exam #focus #structuralpapers #IStructE
30,Structuralpapers.com: A platform designed to help you succeed!,Our platform is tailored to your needs as an IStructE exam candidate. #tailored #designed #success #structuralpapers #IStructE
31,Join the structuralpapers.com community and share your study tips!,Help others succeed by sharing your effective study strategies. #studytips #share #community #structuralpapers #IStructE
32,Structuralpapers.com: Your go-to source for IStructE exam practice!,Practice with authentic exam-style questions and improve your performance. #practice #exam-style #performance #structuralpapers #IStructE
34,Structuralpapers.com: A trusted platform for IStructE exam preparation!,Join the thousands of students who have benefited from our resources. #trusted #platform #IStructE #preparation #structuralpapers #civilengineering
38,Structuralpapers.com: Your gateway to a successful structural engineering career!,Lay a strong foundation for your future with our comprehensive resources. #gateway #career #foundation #structuralpapers #IStructE
39,Structuralpapers.com: Where IStructE exam learning meets community!,Join a supportive community of aspiring engineers and learn together. #learning #community #engineers #structuralpapers #IStructE
40,Structuralpapers.com: Your trusted partner in the IStructE exam preparation!,Count on us to provide the tools and support you need to succeed. #partner #tools #support #structuralpapers #IStructE
41,Structuralpapers.com: Your one-stop solution for IStructE exam success!,Find everything you need to excel on the exam in one convenient place. #one-stop-solution #excel #IStructE #success #structuralpapers #civilengineering
43,Structuralpapers.com: Your roadmap to IStructE exam success!,Follow our guidance and achieve your desired results. #roadmap #success #results #structuralpapers #IStructE
45,Structuralpapers.com: Your support system for IStructE exam preparation!,Get the support and encouragement you need to stay motivated. #support #encouragement #motivated #structuralpapers #IStructE
52,IStructE exam questions focus on application of knowledge!,Practice applying your knowledge to real-world scenarios to succeed on the exam. #IStructE #exam #application #civilengineering #structuralengineering
53,IStructE exam pass rate: 35%!,Stay informed about the pass rate and benchmark your progress. #IStructE #exam #passrate #international #civilengineering #structuralengineering
69,IStructE exam: Practice under simulated exam conditions!,Familiarize yourself with the exam environment by practicing under timed conditions. #IStructE #exam #practice #conditions #civilengineering #structuralengineering